id,first_name,last_name,email,gender,ip_address
1,Wang,Bartolomeoni,wbartolomeoni0@w3.org,Male,94.108.46.144
2,Glynnis,O'Doireidh,godoireidh1@usda.gov,Female,34.24.163.1
3,Jock,Hamblin,jhamblin2@yolasite.com,Male,112.37.10.68
4,Binky,Stodart,bstodart3@sina.com.cn,Male,112.39.193.71
5,Base,Lawrie,blawrie4@guardian.co.uk,Male,39.193.60.234
6,Camille,Tchaikovsky,ctchaikovsky5@nba.com,Genderqueer,79.234.18.253
7,Jillene,Kunrad,jkunrad6@engadget.com,Female,133.251.159.195
8,Esra,Tinkler,etinkler7@jalbum.net,Male,247.14.161.44
9,Tait,Morford,tmorford8@biblegateway.com,Male,35.103.219.249
10,Lisette,Morl,lmorl9@angelfire.com,Genderqueer,215.181.15.246
11,Allianora,Idale,aidalea@wordpress.com,Bigender,1.13.151.219
12,Dody,Malden,dmaldenb@gnu.org,Agender,63.51.64.214
13,Therese,MacCook,tmaccookc@amazon.de,Female,125.88.3.82
14,Gran,Shevill,gshevilld@wikimedia.org,Male,113.59.110.247
15,Corena,Dallywater,cdallywatere@google.co.jp,Polygender,161.171.106.158
16,Bethina,Kinnar,bkinnarf@xing.com,Female,128.143.83.10
17,Shea,Bleackley,sbleackleyg@stanford.edu,Female,222.111.185.211
18,Mariam,Paulich,mpaulichh@smh.com.au,Female,38.17.43.27
19,Laraine,Ellens,lellensi@hhs.gov,Female,68.234.36.234
20,Quintina,Nono,qnonoj@boston.com,Female,29.158.236.203
21,Leona,Mardell,lmardellk@skype.com,Female,166.230.65.189
22,Nevins,Lease,nleasel@irs.gov,Male,82.133.233.21
23,Bond,Spyby,bspybym@parallels.com,Male,244.200.205.78
24,Nefen,Baldocci,nbaldoccin@vimeo.com,Male,213.212.182.222
25,Derril,Haack,dhaacko@ucsd.edu,Agender,111.206.59.21
26,Stuart,Yemm,syemmp@facebook.com,Male,161.123.64.118
27,Jenifer,Schild,jschildq@who.int,Female,54.158.94.253
28,Verney,Arpino,varpinor@irs.gov,Male,94.96.108.215
29,Viva,Wiltshier,vwiltshiers@boston.com,Female,129.76.177.129
30,Kahaleel,Stores,kstorest@fema.gov,Male,85.74.234.101
31,Petronilla,Dunstall,pdunstallu@dailymail.co.uk,Female,12.28.39.132
32,Clint,Mesnard,cmesnardv@edublogs.org,Male,44.203.221.19
33,Lemmie,Traut,ltrautw@google.nl,Male,185.122.50.190
34,Margarete,Wilsee,mwilseex@archive.org,Female,87.106.117.205
35,Sharona,Vautin,svautiny@homestead.com,Female,241.1.47.18
36,Karine,Jess,kjessz@ning.com,Genderqueer,201.239.251.241
37,Kasper,Wickersley,kwickersley10@dmoz.org,Male,175.190.249.69
38,Romonda,Deacock,rdeacock11@mozilla.org,Female,220.250.79.11
39,Kerk,Denidge,kdenidge12@cdc.gov,Male,181.81.121.141
40,Imojean,Leacock,ileacock13@google.fr,Female,67.80.174.176
41,Michail,Yule,myule14@surveymonkey.com,Male,169.118.12.2
42,Bastien,Gercken,bgercken15@devhub.com,Male,235.13.201.168
43,Lorrie,Grinaway,lgrinaway16@tripadvisor.com,Female,86.143.70.34
44,Ashli,Willowby,awillowby17@addtoany.com,Non-binary,151.180.26.171
45,Catharine,Lassey,classey18@nps.gov,Female,6.147.110.247
46,Jackson,Slyvester,jslyvester19@xinhuanet.com,Male,91.200.164.67
47,Adams,Mallion,amallion1a@tmall.com,Male,162.13.154.236
48,Giulietta,Cordova,gcordova1b@friendfeed.com,Female,22.200.74.38
49,Billy,Mion,bmion1c@ucla.edu,Male,88.230.232.206
50,Chrisse,Warcup,cwarcup1d@jugem.jp,Male,199.242.242.43
51,Michal,Rippingale,mrippingale1e@blogspot.com,Female,126.76.153.67
52,Reuven,Dedden,rdedden1f@addthis.com,Male,118.118.128.147
53,Gan,Francklin,gfrancklin1g@fotki.com,Male,163.3.220.109
54,Courtnay,Jozaitis,cjozaitis1h@foxnews.com,Female,208.231.164.153
55,Jada,Gregor,jgregor1i@tripadvisor.com,Female,5.220.202.119
56,Bailie,Mackrell,bmackrell1j@businessweek.com,Genderqueer,127.242.142.34
57,Mikey,Peasby,mpeasby1k@archive.org,Male,113.221.87.161
58,Waverly,Gelland,wgelland1l@boston.com,Male,242.193.140.104
59,Cindra,Leathers,cleathers1m@yahoo.co.jp,Female,152.87.62.109
60,Osborne,Guidi,oguidi1n@aboutads.info,Male,167.31.164.212
61,Wolfy,O'Hogertie,wohogertie1o@amazonaws.com,Male,88.39.146.98
62,Sisile,Pegrum,spegrum1p@nytimes.com,Female,16.176.125.171
63,Cam,Flamank,cflamank1q@china.com.cn,Female,109.40.250.133
64,Louella,Krop,lkrop1r@squidoo.com,Female,7.239.25.50
65,Eadith,Lye,elye1s@vistaprint.com,Non-binary,0.39.18.173
66,Aylmer,Dabernott,adabernott1t@wikia.com,Male,130.54.34.22
67,Minna,Scrannage,mscrannage1u@unicef.org,Female,243.60.91.50
68,Roosevelt,Pennell,rpennell1v@utexas.edu,Male,99.132.198.86
69,Wendeline,Mellanby,wmellanby1w@umn.edu,Female,171.193.126.140
70,Eleanor,Breslane,ebreslane1x@cdc.gov,Female,11.110.59.224
71,Cesya,Irlam,cirlam1y@irs.gov,Agender,161.202.129.138
72,Stephine,Mullinger,smullinger1z@biglobe.ne.jp,Female,112.231.139.107
73,Desiri,Maycock,dmaycock20@cnet.com,Female,75.67.14.112
74,Nerta,Forryan,nforryan21@yahoo.co.jp,Female,238.199.213.8
75,Garland,Kick,gkick22@nydailynews.com,Female,249.28.63.210
76,Kata,Clery,kclery23@skype.com,Female,193.37.243.138
77,Berkeley,Alan,balan24@state.gov,Male,120.195.194.72
78,Heinrick,Pawsey,hpawsey25@webmd.com,Male,119.209.167.122
79,Tudor,Frankiss,tfrankiss26@taobao.com,Male,225.33.202.97
80,Debi,Powton,dpowton27@oaic.gov.au,Female,137.245.51.149
81,Nichols,White,nwhite28@cam.ac.uk,Male,21.12.121.246
82,Casar,O' Cuolahan,cocuolahan29@etsy.com,Male,157.42.97.227
83,Domeniga,Calcut,dcalcut2a@tumblr.com,Female,227.176.105.182
84,Sibyl,Waterfall,swaterfall2b@symantec.com,Female,63.148.142.22
85,Tedman,Normant,tnormant2c@weather.com,Male,75.229.163.160
86,Jeanelle,Palay,jpalay2d@sciencedaily.com,Female,19.6.184.93
87,Jed,Bourhill,jbourhill2e@amazon.co.uk,Genderfluid,117.157.186.28
88,Liam,O'Collopy,locollopy2f@163.com,Male,171.10.208.225
89,Arel,Jarville,ajarville2g@vistaprint.com,Male,0.25.142.192
90,Mason,Boneham,mboneham2h@java.com,Male,181.116.30.56
91,Lizbeth,Snipe,lsnipe2i@a8.net,Female,168.254.254.143
92,Rudy,Worton,rworton2j@facebook.com,Male,129.29.4.88
93,Darryl,Josipovitz,djosipovitz2k@fc2.com,Female,48.39.78.100
94,Koressa,Renault,krenault2l@yellowbook.com,Female,189.84.163.130
95,Brena,Gribbin,bgribbin2m@cloudflare.com,Female,138.59.90.144
96,Lutero,Limpenny,llimpenny2n@rakuten.co.jp,Male,86.220.133.64
97,Judon,Scimone,jscimone2o@wix.com,Male,202.37.133.198
98,Salvador,Symes,ssymes2p@who.int,Male,252.9.238.92
99,Sukey,Scotsbrook,sscotsbrook2q@va.gov,Female,55.229.147.5
100,Rozanna,Cornelius,rcornelius2r@imdb.com,Female,202.164.18.97
101,Ainsley,Rosenbloom,arosenbloom2s@webeden.co.uk,Female,62.9.142.19
102,Moe,Pringuer,mpringuer2t@so-net.ne.jp,Male,74.234.39.135
103,Red,Jurca,rjurca2u@irs.gov,Male,104.232.188.69
104,Roch,Midner,rmidner2v@hud.gov,Female,141.63.133.93
105,Tremain,Lawlie,tlawlie2w@angelfire.com,Male,38.161.171.101
106,Martainn,Cuttin,mcuttin2x@redcross.org,Male,64.208.199.98
107,Alfred,Dany,adany2y@exblog.jp,Male,88.70.28.204
108,Jacqui,Yellowley,jyellowley2z@columbia.edu,Female,217.4.181.118
109,Wrennie,Arno,warno30@unicef.org,Female,107.207.97.109
110,Chadwick,Patchett,cpatchett31@nydailynews.com,Male,174.240.60.41
111,Flo,Woodrough,fwoodrough32@paypal.com,Female,245.199.4.153
112,Colan,Maggs,cmaggs33@microsoft.com,Male,225.202.133.2
113,Vincenty,Abotson,vabotson34@goo.ne.jp,Male,162.156.193.138
114,Mortie,Bennell,mbennell35@about.me,Male,59.148.200.147
115,Meir,Caldairou,mcaldairou36@discuz.net,Male,125.11.78.91
116,Kelvin,Lawling,klawling37@hubpages.com,Male,147.124.110.176
117,Molli,Mielnik,mmielnik38@jiathis.com,Female,194.225.9.3
118,Deborah,Rodie,drodie39@sphinn.com,Female,148.182.90.140
119,Margie,Franzke,mfranzke3a@goo.ne.jp,Female,216.102.80.148
120,Timofei,Darnbrook,tdarnbrook3b@nsw.gov.au,Male,54.172.163.129
121,Eldredge,Vittore,evittore3c@blogspot.com,Male,134.14.59.48
122,Papageno,Luckcuck,pluckcuck3d@mapquest.com,Male,55.89.85.236
123,Garrick,Willstrop,gwillstrop3e@slideshare.net,Male,139.171.157.36
124,Roxine,Fortman,rfortman3f@is.gd,Female,89.238.42.109
125,Carmine,Caudrelier,ccaudrelier3g@reverbnation.com,Male,183.35.231.26
126,Forrest,Plain,fplain3h@icio.us,Male,19.91.125.242
127,Goraud,Bothe,gbothe3i@w3.org,Male,152.91.205.222
128,Thibaud,McClory,tmcclory3j@php.net,Male,163.118.121.210
129,Annemarie,Trickey,atrickey3k@geocities.com,Agender,73.20.237.54
130,Reube,Rawlins,rrawlins3l@smh.com.au,Male,106.42.42.34
131,Chloris,Sudddard,csudddard3m@bloglines.com,Female,87.90.238.102
132,Elmo,Bucksey,ebucksey3n@nydailynews.com,Male,197.182.45.217
133,Angus,Bridgestock,abridgestock3o@yandex.ru,Male,68.210.147.166
134,Vida,Dunkerly,vdunkerly3p@alexa.com,Female,193.239.153.110
135,Clint,Bumphrey,cbumphrey3q@hud.gov,Male,235.203.2.112
136,Luther,Driussi,ldriussi3r@hugedomains.com,Male,61.162.237.244
137,Malcolm,Grigoletti,mgrigoletti3s@newyorker.com,Male,0.170.153.79
138,Sheilakathryn,Piscopo,spiscopo3t@go.com,Female,193.148.83.112
139,Polly,Santer,psanter3u@wikia.com,Female,205.168.102.246
140,Roxane,McCane,rmccane3v@abc.net.au,Female,255.197.131.95
141,Anatola,O'Dowgaine,aodowgaine3w@hao123.com,Female,22.106.78.167
142,Graham,Shewsmith,gshewsmith3x@qq.com,Male,244.206.131.191
143,Quill,Quiddington,qquiddington3y@chron.com,Male,138.237.67.96
144,Ara,Raggatt,araggatt3z@google.de,Male,212.39.74.113
145,Celestyn,Docket,cdocket40@ovh.net,Female,225.168.211.19
146,Rolph,Woolley,rwoolley41@engadget.com,Male,156.172.113.88
147,Willey,Bagnold,wbagnold42@house.gov,Male,36.68.176.8
148,Luciano,Martygin,lmartygin43@mlb.com,Male,139.218.66.94
149,Elias,Richings,erichings44@utexas.edu,Male,169.22.130.34
150,Hughie,Syce,hsyce45@wikipedia.org,Male,183.214.7.106
151,Chelsea,Lanfear,clanfear46@wordpress.org,Polygender,242.200.130.128
152,Bernhard,Brentnall,bbrentnall47@nps.gov,Male,124.42.153.32
153,Trevor,Joron,tjoron48@privacy.gov.au,Male,9.62.46.72
154,Tilly,Habershaw,thabershaw49@theguardian.com,Female,224.226.141.69
155,Dorotea,Doy,ddoy4a@lycos.com,Female,103.25.184.39
156,Carlin,Mussilli,cmussilli4b@europa.eu,Male,183.165.175.59
157,Kayne,Sedgmond,ksedgmond4c@biglobe.ne.jp,Male,182.131.36.227
158,Morgan,Angell,mangell4d@virginia.edu,Male,53.136.190.145
159,Bronson,Lidgley,blidgley4e@home.pl,Male,175.173.171.135
160,Biddie,Nutbrown,bnutbrown4f@aol.com,Female,7.64.212.98
161,Vlad,Kirsopp,vkirsopp4g@statcounter.com,Male,249.233.119.200
162,Lindi,Agastina,lagastina4h@europa.eu,Female,235.250.162.20
163,Kennie,Sherred,ksherred4i@creativecommons.org,Male,172.168.145.154
164,Gwendolen,Gaskarth,ggaskarth4j@si.edu,Female,217.182.253.180
165,Robinia,Hilling,rhilling4k@gov.uk,Female,159.65.89.32
166,Wolfgang,Raithby,wraithby4l@ebay.com,Male,48.195.253.242
167,Roddie,De la Harpe,rdelaharpe4m@php.net,Male,109.213.42.214
168,Margareta,Skillern,mskillern4n@ca.gov,Female,225.190.49.8
169,Dagny,Briztman,dbriztman4o@macromedia.com,Male,77.9.178.100
170,Colly,Goneau,cgoneau4p@trellian.com,Female,109.136.145.127
171,Faulkner,Strongitharm,fstrongitharm4q@bing.com,Male,255.211.90.82
172,Ignaz,Dunkerley,idunkerley4r@netlog.com,Male,110.165.210.168
173,Jolee,Mayhew,jmayhew4s@scientificamerican.com,Female,225.15.110.150
174,Margalit,Favela,mfavela4t@disqus.com,Bigender,62.135.208.75
175,Barris,Empringham,bempringham4u@goodreads.com,Male,35.131.67.250
176,Melody,Bentote,mbentote4v@istockphoto.com,Bigender,80.32.170.161
177,Rachael,Corneck,rcorneck4w@prnewswire.com,Female,6.178.68.89
178,Wilton,Astlett,wastlett4x@behance.net,Male,246.50.143.211
179,Lon,Whyte,lwhyte4y@spiegel.de,Male,253.87.60.193
180,Rene,Mantione,rmantione4z@guardian.co.uk,Male,228.15.136.150
181,Fabio,Brachell,fbrachell50@i2i.jp,Male,32.234.12.207
182,Roxi,Bleeze,rbleeze51@chronoengine.com,Female,184.229.240.215
183,Gelya,Cunniff,gcunniff52@photobucket.com,Female,132.108.5.198
184,Sigismund,Kuhn,skuhn53@europa.eu,Male,83.159.97.160
185,Daniel,Foulks,dfoulks54@cmu.edu,Male,162.218.64.134
186,Sara,Trillow,strillow55@wisc.edu,Female,21.20.228.176
187,Guido,Hanks,ghanks56@baidu.com,Male,201.18.154.176
188,Alister,Salliss,asalliss57@wikimedia.org,Male,83.238.8.74
189,Barbie,Grelak,bgrelak58@livejournal.com,Female,109.224.226.224
190,Grenville,Spofford,gspofford59@reddit.com,Male,182.21.64.126
191,Joye,Parbrook,jparbrook5a@i2i.jp,Female,17.29.227.61
192,Fran,Shilburne,fshilburne5b@oracle.com,Female,81.169.66.207
193,Shea,McIlwrath,smcilwrath5c@independent.co.uk,Male,129.154.65.104
194,Sigrid,Boncoeur,sboncoeur5d@123-reg.co.uk,Polygender,126.25.2.221
195,Kalli,Tarver,ktarver5e@typepad.com,Polygender,208.81.141.70
196,Levon,Aleso,laleso5f@list-manage.com,Male,162.154.244.193
197,Orsa,Denniston,odenniston5g@paginegialle.it,Female,252.159.194.195
198,Nikaniki,McCarrell,nmccarrell5h@github.io,Female,50.57.186.170
199,Arel,Bellwood,abellwood5i@ifeng.com,Bigender,135.76.192.19
200,Wash,Dowey,wdowey5j@nasa.gov,Male,63.130.247.102
201,Andrej,Bolingbroke,abolingbroke5k@privacy.gov.au,Male,251.216.78.178
202,Anne-marie,Patkin,apatkin5l@adobe.com,Female,32.158.158.20
203,Mathilda,Beels,mbeels5m@123-reg.co.uk,Female,55.95.206.180
204,Barbabas,Filippov,bfilippov5n@google.ru,Male,15.143.82.43
205,Wash,Phillot,wphillot5o@zimbio.com,Male,52.124.98.89
206,Lilly,Reiners,lreiners5p@amazon.co.uk,Female,117.30.248.221
207,Ade,Kelshaw,akelshaw5q@columbia.edu,Male,79.226.172.21
208,Nissie,Seiller,nseiller5r@sciencedaily.com,Female,152.129.63.41
209,Lorri,Woller,lwoller5s@prlog.org,Female,112.40.122.145
210,Alfredo,Du Hamel,aduhamel5t@ycombinator.com,Male,97.203.14.5
211,Willie,Gregh,wgregh5u@wordpress.org,Non-binary,59.80.12.62
212,Dixie,Dowda,ddowda5v@chicagotribune.com,Female,24.42.77.183
213,Gib,Eagan,geagan5w@economist.com,Genderfluid,124.86.174.243
214,Simone,Plaice,splaice5x@csmonitor.com,Male,103.65.237.240
215,Tam,Kelsall,tkelsall5y@simplemachines.org,Male,133.93.16.91
216,Farra,Chandlar,fchandlar5z@indiatimes.com,Female,144.234.171.57
217,Kaia,Edgett,kedgett60@google.co.jp,Female,110.69.41.194
218,Cathrin,Frodsham,cfrodsham61@weebly.com,Female,97.19.250.53
219,Saraann,Ravenscroftt,sravenscroftt62@diigo.com,Female,104.18.238.224
220,Jyoti,Pulbrook,jpulbrook63@microsoft.com,Female,142.162.91.94
221,Shaine,Boothman,sboothman64@bbc.co.uk,Agender,194.114.62.233
222,Janet,Vickress,jvickress65@mapquest.com,Female,83.146.165.153
223,Marybelle,Raggles,mraggles66@wunderground.com,Female,52.186.149.135
224,Amelita,Hawksley,ahawksley67@godaddy.com,Female,254.189.219.219
225,Penny,Ovill,povill68@oakley.com,Genderqueer,128.218.82.95
226,Moore,Gurrado,mgurrado69@1und1.de,Male,174.138.163.164
227,Hiram,Mergue,hmergue6a@instagram.com,Male,201.48.19.128
228,Cletus,Pretsel,cpretsel6b@apple.com,Male,25.14.47.245
229,Hall,Laidlow,hlaidlow6c@histats.com,Male,208.162.244.67
230,Rafaello,Challender,rchallender6d@miibeian.gov.cn,Male,14.21.87.162
231,Frank,Blest,fblest6e@free.fr,Male,15.202.241.56
232,Bobine,Goodfellow,bgoodfellow6f@altervista.org,Female,30.222.208.172
233,Carroll,Strete,cstrete6g@google.ca,Male,92.188.211.144
234,Kendell,O'Nowlan,konowlan6h@sbwire.com,Polygender,0.81.105.59
235,Sayre,Serjent,sserjent6i@sogou.com,Male,167.54.156.63
236,Leeland,Nequest,lnequest6j@mac.com,Male,101.39.205.135
237,Marianne,Dono,mdono6k@scientificamerican.com,Female,60.166.149.218
238,Shae,Gillison,sgillison6l@army.mil,Genderfluid,101.104.138.111
239,Reid,Philott,rphilott6m@prlog.org,Genderfluid,248.114.64.206
240,Thatch,Lacy,tlacy6n@apache.org,Male,246.12.25.168
241,Leslie,Tathacott,ltathacott6o@woothemes.com,Male,170.122.48.79
242,Ronny,Toulch,rtoulch6p@yahoo.co.jp,Female,81.66.63.60
243,Garald,Sandhill,gsandhill6q@bloglovin.com,Male,186.21.161.154
244,Katerina,Mainds,kmainds6r@squarespace.com,Female,219.128.123.95
245,Hirsch,Bellee,hbellee6s@addtoany.com,Male,49.62.19.176
246,Lyn,Ciccone,lciccone6t@nasa.gov,Female,158.94.96.3
247,Danielle,Methley,dmethley6u@barnesandnoble.com,Female,147.237.5.254
248,Winne,O'Gready,wogready6v@linkedin.com,Female,115.99.85.235
249,Debor,Ziems,dziems6w@example.com,Female,158.29.154.26
250,Jermaine,Putland,jputland6x@altervista.org,Male,67.14.65.134
251,Pavla,Lampert,plampert6y@wikispaces.com,Female,16.120.92.176
252,Jamima,Munson,jmunson6z@clickbank.net,Female,217.0.39.132
253,Hilliard,Cribbott,hcribbott70@chronoengine.com,Male,161.104.49.37
254,Hale,Bernhardi,hbernhardi71@hatena.ne.jp,Male,28.87.79.206
255,Louie,Seniour,lseniour72@mac.com,Male,63.116.166.158
256,Janela,Gahan,jgahan73@naver.com,Female,223.94.49.199
257,Helyn,Legion,hlegion74@accuweather.com,Female,68.127.242.110
258,Erwin,Gosnold,egosnold75@wordpress.com,Male,240.71.10.107
259,Reginauld,Matyja,rmatyja76@deviantart.com,Male,165.252.75.239
260,Robenia,Boodle,rboodle77@wikispaces.com,Female,35.192.36.87
261,Charo,Stoll,cstoll78@walmart.com,Female,79.79.130.231
262,Philippine,Pfaff,ppfaff79@umich.edu,Female,233.143.204.61
263,Claudette,Lapides,clapides7a@list-manage.com,Female,245.178.163.165
264,Fremont,Cuttell,fcuttell7b@omniture.com,Male,69.164.152.55
265,Ddene,Borzone,dborzone7c@lycos.com,Agender,130.125.99.17
266,Rafa,Ruckert,rruckert7d@joomla.org,Bigender,98.57.255.187
267,Clifford,McEniry,cmceniry7e@xing.com,Male,221.163.49.193
268,Jimmie,Desouza,jdesouza7f@google.pl,Male,120.206.169.18
269,Cecilla,Goss,cgoss7g@state.gov,Female,233.247.172.237
270,Lemmy,Lapere,llapere7h@dell.com,Male,170.96.243.13
271,Ashely,Galfour,agalfour7i@illinois.edu,Female,168.88.191.162
272,Bartel,Sher,bsher7j@ifeng.com,Male,129.235.205.141
273,Shalna,Danielut,sdanielut7k@biblegateway.com,Female,29.88.160.9
274,Prescott,Itzchaki,pitzchaki7l@quantcast.com,Genderqueer,41.24.240.134
275,Mercie,Emmett,memmett7m@wix.com,Female,39.59.220.238
276,Elfrieda,Chester,echester7n@geocities.com,Female,120.59.5.243
277,Raoul,Titmuss,rtitmuss7o@phpbb.com,Male,255.33.62.5
278,Stanford,Revans,srevans7p@blogtalkradio.com,Male,113.5.146.165
279,April,Harrower,aharrower7q@arstechnica.com,Female,191.203.93.15
280,Hube,Dixson,hdixson7r@cargocollective.com,Male,17.160.255.100
281,Marcello,Gorch,mgorch7s@harvard.edu,Bigender,180.251.233.5
282,Kaitlynn,Menichillo,kmenichillo7t@amazonaws.com,Female,34.243.158.0
283,Angelita,Vitte,avitte7u@ning.com,Female,29.143.17.88
284,Burg,Bench,bbench7v@friendfeed.com,Male,154.66.238.168
285,Fleming,Hrishchenko,fhrishchenko7w@state.gov,Male,62.110.224.107
286,Jerry,Eede,jeede7x@woothemes.com,Male,7.250.201.78
287,Mano,Sallinger,msallinger7y@mtv.com,Male,107.246.60.213
288,Madlin,Denisyev,mdenisyev7z@plala.or.jp,Female,5.124.87.60
289,Amandy,Triplet,atriplet80@4shared.com,Female,26.111.111.7
290,Hakim,Troni,htroni81@twitpic.com,Male,199.238.198.203
291,Willa,Chue,wchue82@vinaora.com,Female,26.129.214.186
292,Jacquenetta,Hubach,jhubach83@cyberchimps.com,Female,46.242.255.233
293,Tod,Le Fevre,tlefevre84@mozilla.com,Male,114.81.145.204
294,Alejandra,Hegg,ahegg85@blogger.com,Female,36.67.133.211
295,Marcello,de Chastelain,mdechastelain86@adobe.com,Male,252.168.168.82
296,Chrotoem,Gaymar,cgaymar87@cam.ac.uk,Male,15.63.134.226
297,Burnard,McGarel,bmcgarel88@census.gov,Male,243.149.0.159
298,Kenneth,Nornasell,knornasell89@ucsd.edu,Male,179.213.170.65
299,Torre,Butchart,tbutchart8a@virginia.edu,Male,24.219.33.227
300,Buckie,Trolley,btrolley8b@eepurl.com,Genderfluid,22.135.196.219
301,Waylin,Dowthwaite,wdowthwaite8c@dedecms.com,Male,27.192.186.192
302,Kiele,Naisey,knaisey8d@ucoz.com,Female,60.80.207.181
303,Claudell,Shorland,cshorland8e@weebly.com,Male,8.67.156.62
304,Randal,Eckford,reckford8f@posterous.com,Male,201.229.194.197
305,Henriette,Mumbray,hmumbray8g@xrea.com,Female,158.114.8.213
306,Garreth,Bossel,gbossel8h@alexa.com,Polygender,107.152.231.152
307,Jae,Bellow,jbellow8i@oaic.gov.au,Male,7.34.126.157
308,Darius,Harefoot,dharefoot8j@amazon.com,Male,112.41.34.242
309,Minerva,Stannislawski,mstannislawski8k@abc.net.au,Female,146.148.40.222
310,Tomasine,Hebdon,thebdon8l@cmu.edu,Female,212.38.32.227
311,Flory,Panther,fpanther8m@google.fr,Female,106.80.123.56
312,Ettie,Blaza,eblaza8n@weebly.com,Female,10.91.27.121
313,Wallache,Nouch,wnouch8o@youtu.be,Male,22.20.125.103
314,Abbey,Rule,arule8p@stanford.edu,Female,201.252.151.125
315,Torin,Shallcrass,tshallcrass8q@miitbeian.gov.cn,Male,157.79.153.27
316,Sarah,Chadbourn,schadbourn8r@github.com,Female,10.96.184.144
317,Artemis,Schuck,aschuck8s@huffingtonpost.com,Male,214.182.54.136
318,Titos,Peffer,tpeffer8t@miibeian.gov.cn,Male,16.194.231.0
319,Carlotta,Savine,csavine8u@usa.gov,Female,7.85.233.236
320,Ethelin,Beaudry,ebeaudry8v@mac.com,Female,38.105.136.142
321,Deloria,Ouver,douver8w@washingtonpost.com,Female,145.100.70.57
322,Hildegarde,Hallen,hhallen8x@webmd.com,Female,163.90.79.144
323,Rhody,Woakes,rwoakes8y@issuu.com,Female,228.66.199.182
324,Cybil,Hayhow,chayhow8z@newsvine.com,Female,176.100.124.42
325,Maritsa,Mahody,mmahody90@arizona.edu,Female,107.191.42.21
326,Pierrette,Guiel,pguiel91@japanpost.jp,Female,22.225.188.156
327,Clayborne,Dessent,cdessent92@reverbnation.com,Male,91.151.133.137
328,Etan,Bosket,ebosket93@infoseek.co.jp,Male,85.29.220.220
329,Andrew,Westnage,awestnage94@trellian.com,Male,163.174.250.50
330,Lynnea,Kirvell,lkirvell95@shutterfly.com,Female,61.65.206.24
331,Paige,Amner,pamner96@hubpages.com,Female,201.149.94.226
332,Lenard,Cruddace,lcruddace97@wsj.com,Male,46.169.218.105
333,Nichole,Murison,nmurison98@nydailynews.com,Male,237.148.55.167
334,Bab,Curtoys,bcurtoys99@vistaprint.com,Genderfluid,42.36.212.1
335,Steven,Petrillo,spetrillo9a@oracle.com,Male,164.193.15.30
336,Aurora,Hassard,ahassard9b@netvibes.com,Female,73.7.189.159
337,Chilton,Shippam,cshippam9c@hugedomains.com,Male,239.105.18.178
338,Currey,Boldison,cboldison9d@mail.ru,Male,208.50.210.237
339,Leeland,McGrane,lmcgrane9e@xing.com,Male,158.124.47.37
340,Hillard,Slark,hslark9f@pagesperso-orange.fr,Male,35.80.101.38
341,Margarete,Melhuish,mmelhuish9g@devhub.com,Female,89.26.248.176
342,Sherwood,Newburn,snewburn9h@trellian.com,Male,1.50.74.182
343,Siusan,Oxtarby,soxtarby9i@yahoo.co.jp,Female,59.54.36.183
344,Florella,Stallion,fstallion9j@furl.net,Female,161.80.206.150
345,Dunc,Shearmer,dshearmer9k@latimes.com,Male,23.96.214.182
346,Shelby,Slany,sslany9l@chronoengine.com,Polygender,16.26.152.187
347,Jorey,McKeggie,jmckeggie9m@kickstarter.com,Female,123.95.7.148
348,Channa,Demogeot,cdemogeot9n@howstuffworks.com,Genderfluid,114.187.214.48
349,Agnes,Voase,avoase9o@adobe.com,Female,203.80.51.14
350,Bili,Conachie,bconachie9p@themeforest.net,Female,37.177.127.244
351,Dov,Marson,dmarson9q@shop-pro.jp,Male,12.6.163.191
352,Efrem,Pauly,epauly9r@163.com,Non-binary,230.210.249.188
353,Elianora,Denington,edenington9s@issuu.com,Female,187.167.21.61
354,Noel,Tie,ntie9t@phoca.cz,Bigender,120.68.57.11
355,Herbert,Pawson,hpawson9u@state.tx.us,Male,208.153.229.53
356,Ruggiero,Iggalden,riggalden9v@cafepress.com,Male,148.44.211.171
357,Ellene,Wrightim,ewrightim9w@phpbb.com,Female,56.91.52.141
358,Terrill,Jobey,tjobey9x@rakuten.co.jp,Male,37.181.100.29
359,Eduard,Fitzjohn,efitzjohn9y@salon.com,Male,34.53.224.24
360,Hogan,Ashbridge,hashbridge9z@hostgator.com,Male,124.148.142.44
361,Alexandro,Moppett,amoppetta0@cyberchimps.com,Male,146.254.75.134
362,Trevor,Cornew,tcornewa1@over-blog.com,Bigender,110.94.60.130
363,Florida,Idiens,fidiensa2@blogger.com,Female,128.217.235.97
364,Alexi,Shackleton,ashackletona3@bluehost.com,Female,121.26.205.37
365,Maxwell,Marsters,mmarstersa4@whitehouse.gov,Male,212.97.192.96
366,Jeni,Mallam,jmallama5@usda.gov,Female,224.197.247.89
367,Dasya,Kolakowski,dkolakowskia6@xrea.com,Female,116.9.228.127
368,Nat,McRinn,nmcrinna7@weather.com,Female,145.202.249.189
369,Jerrine,Goodrum,jgoodruma8@gnu.org,Female,177.106.141.224
370,Pauly,Overell,poverella9@time.com,Male,132.132.168.243
371,Sybila,Pitbladdo,spitbladdoaa@slate.com,Female,251.67.217.19
372,Melita,McGonnell,mmcgonnellab@mozilla.org,Non-binary,189.149.129.50
373,Sloane,Cornforth,scornforthac@eepurl.com,Male,43.146.177.79
374,Tisha,Mewett,tmewettad@noaa.gov,Female,175.174.39.110
375,Ivan,Pownall,ipownallae@hugedomains.com,Male,107.28.190.127
376,Garold,Jeffryes,gjeffryesaf@360.cn,Male,61.179.141.33
377,Junette,Menendes,jmenendesag@eepurl.com,Female,252.20.178.178
378,Kailey,Tremayle,ktremayleah@jiathis.com,Bigender,30.29.231.28
379,Rora,Sainz,rsainzai@goodreads.com,Female,244.147.10.53
380,Helenka,Allebone,halleboneaj@google.cn,Female,9.163.25.79
381,Bastian,Cresar,bcresarak@prnewswire.com,Male,235.252.192.227
382,Gawen,Nealy,gnealyal@last.fm,Genderfluid,148.214.157.180
383,Buddy,Edson,bedsonam@google.ca,Male,225.48.225.86
384,Neil,Flott,nflottan@hostgator.com,Male,144.226.43.62
385,Lorianna,How,lhowao@mysql.com,Female,153.171.78.95
386,Orton,Olivelli,oolivelliap@ted.com,Male,38.238.151.123
387,Verge,Marchment,vmarchmentaq@nbcnews.com,Male,97.165.209.38
388,Freda,Handford,fhandfordar@gnu.org,Female,188.22.7.254
389,Abbe,Tombleson,atomblesonas@free.fr,Female,126.94.222.250
390,Verile,Pickworth,vpickworthat@geocities.com,Female,100.140.81.181
391,Sonnie,Hender,shenderau@berkeley.edu,Male,94.71.78.184
392,Linea,Lumsdale,llumsdaleav@w3.org,Female,39.157.45.123
393,Renie,Hackworth,rhackworthaw@myspace.com,Female,45.129.243.124
394,Sumner,Banham,sbanhamax@dmoz.org,Male,79.82.80.243
395,Hetti,Leser,hleseray@chron.com,Female,83.238.125.166
396,Orren,Denyakin,odenyakinaz@goodreads.com,Male,212.238.183.195
397,Ynez,Raden,yradenb0@cpanel.net,Female,185.175.72.112
398,Regine,Aves,ravesb1@naver.com,Female,91.134.240.160
399,Frank,Edscer,fedscerb2@mozilla.org,Male,76.142.109.27
400,Aurelia,Pywell,apywellb3@jalbum.net,Female,32.0.14.156
401,Maressa,Schuler,mschulerb4@ucoz.ru,Female,30.59.214.172
402,Jillene,Luca,jlucab5@wiley.com,Female,189.137.1.168
403,Den,Madden,dmaddenb6@senate.gov,Male,101.234.246.242
404,Letty,Amar,lamarb7@cdc.gov,Female,114.254.156.100
405,Maressa,Kirgan,mkirganb8@g.co,Non-binary,247.24.193.118
406,Case,Jouannisson,cjouannissonb9@addtoany.com,Male,171.110.161.45
407,Chadwick,Cloute,cclouteba@jigsy.com,Male,121.237.134.224
408,Courtney,Checklin,cchecklinbb@networkadvertising.org,Male,7.52.174.231
409,Corabelle,Swanson,cswansonbc@imdb.com,Female,165.82.45.190
410,Kirstyn,Butters,kbuttersbd@nature.com,Female,78.12.205.213
411,Jillane,Cromblehome,jcromblehomebe@sfgate.com,Female,211.244.236.232
412,Kylen,Purdon,kpurdonbf@chronoengine.com,Female,115.60.126.233
413,Herby,Brane,hbranebg@mtv.com,Male,145.120.6.74
414,Kaine,Posner,kposnerbh@blogtalkradio.com,Male,181.252.59.189
415,Mary,Gilardengo,mgilardengobi@indiatimes.com,Female,236.79.164.143
416,Marjory,Gainsburgh,mgainsburghbj@timesonline.co.uk,Female,101.188.21.197
417,Kennie,Ekkel,kekkelbk@icio.us,Male,214.237.22.253
418,Dorris,Abley,dableybl@msn.com,Female,82.238.171.172
419,Kippie,Rubenchik,krubenchikbm@sphinn.com,Female,248.30.161.37
420,Griffith,Challen,gchallenbn@hp.com,Male,147.215.1.128
421,Lyell,Browne,lbrownebo@gmpg.org,Genderqueer,98.142.232.151
422,Sofia,Desquesnes,sdesquesnesbp@plala.or.jp,Bigender,51.97.36.223
423,Kanya,Wildish,kwildishbq@latimes.com,Female,174.99.121.34
424,Delmore,Toland,dtolandbr@printfriendly.com,Male,184.54.36.21
425,Carolina,MacDonnell,cmacdonnellbs@devhub.com,Genderqueer,172.1.109.214
426,Izak,Hanssmann,ihanssmannbt@latimes.com,Male,181.32.164.95
427,Jacklyn,Spon,jsponbu@blogspot.com,Female,184.176.96.27
428,Wilie,Scherme,wschermebv@oakley.com,Female,220.62.242.58
429,Herschel,Langhorne,hlanghornebw@wikia.com,Male,39.47.187.60
430,Florida,Terzi,fterzibx@youku.com,Female,19.239.243.26
431,Jonis,Petrovykh,jpetrovykhby@fda.gov,Female,212.139.179.100
432,Horace,Rainsbury,hrainsburybz@nyu.edu,Male,220.249.110.79
433,Alex,Tees,ateesc0@bandcamp.com,Male,100.7.158.199
434,Leontine,Lamplough,llamploughc1@unc.edu,Female,82.9.198.13
435,Howie,Lardnar,hlardnarc2@psu.edu,Male,62.214.104.161
436,Masha,Chilver,mchilverc3@flavors.me,Female,2.29.212.109
437,Corrina,Glading,cgladingc4@scientificamerican.com,Female,228.126.177.216
438,Ardys,Kenworthey,akenwortheyc5@hao123.com,Female,211.43.172.67
439,Gerhardt,Shelley,gshelleyc6@360.cn,Male,185.250.59.68
440,Darleen,Leggin,dlegginc7@vistaprint.com,Female,107.188.48.24
441,Orton,Ray,orayc8@google.com.hk,Male,70.142.187.206
442,Pru,Langhorn,planghornc9@goo.gl,Female,115.68.236.192
443,Lee,Drioli,ldriolica@mozilla.org,Male,77.252.242.148
444,Urbanus,Di Meo,udimeocb@printfriendly.com,Male,110.230.238.83
445,Mariele,Poynor,mpoynorcc@trellian.com,Female,134.96.29.155
446,Willie,Braybrooks,wbraybrookscd@sogou.com,Male,46.52.236.40
447,Scotti,Sneesbie,ssneesbiece@vk.com,Male,166.159.170.38
448,Tobey,Melling,tmellingcf@amazonaws.com,Female,189.160.108.182
449,Alexi,Seiler,aseilercg@lulu.com,Female,92.78.20.153
450,Xylia,Fontaine,xfontainech@mozilla.org,Female,56.169.245.44
451,Quinn,Jopke,qjopkeci@microsoft.com,Female,58.43.255.30
452,Dolf,Dammarell,ddammarellcj@gov.uk,Male,140.228.105.247
453,Jessey,Yetman,jyetmanck@jigsy.com,Male,46.26.17.87
454,Ignacio,Scarborough,iscarboroughcl@miitbeian.gov.cn,Male,204.131.251.205
455,Margarethe,Dobing,mdobingcm@dailymail.co.uk,Female,111.215.241.58
456,Steven,MacTrustrie,smactrustriecn@ibm.com,Bigender,22.214.244.151
457,Deane,Batiste,dbatisteco@cyberchimps.com,Female,150.106.5.218
458,Ruth,McGinney,rmcginneycp@tinypic.com,Female,100.35.19.92
459,Rocky,Grima,rgrimacq@youtube.com,Male,49.247.237.33
460,Parsifal,Moth,pmothcr@bloglines.com,Male,80.62.82.212
461,Jen,Josephs,jjosephscs@bizjournals.com,Female,144.171.37.57
462,Pierre,Chason,pchasonct@deviantart.com,Male,100.215.225.66
463,Way,Bagshawe,wbagshawecu@weebly.com,Male,180.229.64.162
464,Madeline,Mansuer,mmansuercv@slashdot.org,Female,161.103.162.39
465,Venita,Towse,vtowsecw@angelfire.com,Female,58.62.29.123
466,Lucien,Durman,ldurmancx@is.gd,Male,66.21.55.127
467,Marthe,Banting,mbantingcy@moonfruit.com,Female,141.248.189.178
468,Crichton,Denyagin,cdenyagincz@mysql.com,Male,212.52.28.202
469,Steffi,Standbridge,sstandbridged0@oaic.gov.au,Female,118.136.108.159
470,Julieta,Weald,jwealdd1@unc.edu,Female,87.142.31.81
471,Lorette,Fernely,lfernelyd2@sciencedaily.com,Female,27.204.216.12
472,Keefer,Aime,kaimed3@uiuc.edu,Male,73.37.50.110
473,Cissy,Simonett,csimonettd4@mashable.com,Female,120.9.177.229
474,Remy,Dunthorn,rdunthornd5@google.ca,Female,12.47.44.200
475,Kendall,McKelloch,kmckellochd6@spotify.com,Male,136.41.83.47
476,Dewain,Resun,dresund7@discovery.com,Male,70.214.114.220
477,Kalinda,Adan,kadand8@columbia.edu,Female,152.99.74.12
478,Andras,Hubeaux,ahubeauxd9@icq.com,Male,89.241.98.153
479,Sile,Conklin,sconklinda@multiply.com,Female,167.157.209.14
480,Ive,Cowpe,icowpedb@alibaba.com,Male,234.27.25.119
481,Lucina,Gunthorp,lgunthorpdc@cmu.edu,Female,174.127.64.84
482,Valaria,Rawes,vrawesdd@lulu.com,Female,89.1.31.37
483,Aura,Cranefield,acranefieldde@oracle.com,Female,242.34.25.186
484,Beverley,Keetch,bkeetchdf@unc.edu,Female,218.207.136.241
485,Witty,Grollmann,wgrollmanndg@wix.com,Male,213.125.101.171
486,Tilly,Mattusov,tmattusovdh@dropbox.com,Female,67.186.205.152
487,Amery,Manicom,amanicomdi@nps.gov,Male,184.177.145.130
488,Boycie,Theze,bthezedj@indiegogo.com,Genderqueer,134.234.180.37
489,Rufe,Filippov,rfilippovdk@people.com.cn,Male,89.77.143.204
490,Lancelot,Rihosek,lrihosekdl@ucoz.ru,Male,247.213.239.249
491,Laurianne,Geistmann,lgeistmanndm@geocities.jp,Female,54.242.107.16
492,Laurence,Stealfox,lstealfoxdn@joomla.org,Male,113.103.145.214
493,Cooper,Isaac,cisaacdo@google.cn,Male,184.39.222.75
494,Sergei,Yantsev,syantsevdp@t-online.de,Male,231.209.182.210
495,Roderigo,Liddington,rliddingtondq@networkadvertising.org,Male,88.196.136.59
496,Pete,Joret,pjoretdr@nationalgeographic.com,Male,121.253.14.131
497,Pail,Cadd,pcaddds@webmd.com,Male,253.203.15.137
498,Lurleen,Blaase,lblaasedt@paginegialle.it,Female,89.156.212.123
499,Felicle,Paynes,fpaynesdu@github.io,Polygender,80.124.116.247
500,Noelle,Liptrod,nliptroddv@theglobeandmail.com,Female,34.28.40.151
501,Mathian,Oven,movendw@drupal.org,Agender,122.67.4.174
502,Donalt,Samudio,dsamudiodx@sciencedaily.com,Bigender,232.166.231.25
503,Butch,Swayte,bswaytedy@twitter.com,Male,45.194.178.206
504,Dorothea,Longfellow,dlongfellowdz@ebay.com,Female,156.77.83.78
505,Jenda,Firle,jfirlee0@wunderground.com,Female,80.96.17.148
506,Klement,Schusterl,kschusterle1@ustream.tv,Male,132.54.9.182
507,Hayley,Herche,hherchee2@instagram.com,Female,201.145.44.3
508,Winslow,Farthin,wfarthine3@thetimes.co.uk,Male,128.237.177.145
509,Alistair,Batchellor,abatchellore4@fema.gov,Male,9.82.212.208
510,Pauly,Stoneman,pstonemane5@intel.com,Female,178.126.243.5
511,Lexi,Spuffard,lspuffarde6@fastcompany.com,Female,29.233.159.25
512,Avis,Sollis,asollise7@arizona.edu,Female,156.94.200.254
513,Noel,Ensor,nensore8@cnet.com,Male,158.120.85.77
514,Otha,Semens,osemense9@usnews.com,Female,120.89.44.109
515,Kelsey,Buncher,kbuncherea@1und1.de,Female,43.130.250.62
516,Devina,Franckton,dfrancktoneb@simplemachines.org,Genderqueer,205.205.162.234
517,Willie,Hesse,whesseec@etsy.com,Genderqueer,225.139.172.93
518,Lamond,Lippatt,llippatted@upenn.edu,Male,155.156.171.116
519,Birk,Barti,bbartiee@wikia.com,Male,27.178.67.183
520,Cordi,Lambertson,clambertsonef@rediff.com,Female,4.38.124.85
521,Arabella,Gerdts,agerdtseg@rediff.com,Female,240.118.6.27
522,Cherice,Gwilym,cgwilymeh@rakuten.co.jp,Female,13.105.251.42
523,Eve,Harpham,eharphamei@quantcast.com,Bigender,44.121.104.224
524,Sidney,Dunsmore,sdunsmoreej@dell.com,Male,157.187.136.215
525,Mara,Gianulli,mgianulliek@bizjournals.com,Female,214.61.119.161
526,Manfred,Marchello,mmarchelloel@feedburner.com,Male,37.19.60.205
527,Cass,Allanby,callanbyem@toplist.cz,Female,61.126.131.129
528,Corey,Algore,calgoreen@goo.ne.jp,Female,138.24.54.104
529,Jodee,Benjafield,jbenjafieldeo@quantcast.com,Female,176.70.134.168
530,Gibb,Hover,ghoverep@fema.gov,Male,159.74.184.98
531,Ephrem,Luton,elutoneq@pinterest.com,Male,27.210.47.194
532,Graig,Van der Velde,gvanderveldeer@sphinn.com,Male,139.99.126.35
533,Wanda,Darley,wdarleyes@istockphoto.com,Female,66.182.52.79
534,Franciskus,Petrushka,fpetrushkaet@squarespace.com,Male,20.192.157.7
535,Norah,Dumpleton,ndumpletoneu@youku.com,Female,57.6.246.128
536,Shaina,Rowter,srowterev@squidoo.com,Female,211.88.219.99
537,Ashby,Brasier,abrasierew@meetup.com,Male,114.138.10.34
538,Artus,Temple,atempleex@feedburner.com,Male,133.137.205.117
539,Glyn,Tamas,gtamasey@flickr.com,Agender,210.150.104.191
540,Klara,Sandercroft,ksandercroftez@icio.us,Female,31.76.206.186
541,Edouard,Landis,elandisf0@com.com,Bigender,97.111.137.146
542,Alyce,McKeefry,amckeefryf1@typepad.com,Female,181.50.129.102
543,Barn,Orknay,borknayf2@qq.com,Male,165.248.128.191
544,Sheilakathryn,Bocking,sbockingf3@goo.gl,Non-binary,109.91.185.16
545,Hertha,Ventham,hventhamf4@addtoany.com,Female,6.249.219.13
546,Olvan,Maffucci,omaffuccif5@xinhuanet.com,Male,87.51.27.59
547,Grant,Sawney,gsawneyf6@mozilla.com,Bigender,166.34.3.243
548,Rivi,Chomicz,rchomiczf7@patch.com,Non-binary,197.222.186.167
549,Quinlan,Escreet,qescreetf8@topsy.com,Male,95.115.17.52
550,Hans,O'Shields,hoshieldsf9@wikia.com,Polygender,229.161.211.196
551,Roldan,Denisyev,rdenisyevfa@economist.com,Male,188.220.168.173
552,Audrye,Kiddy,akiddyfb@cnet.com,Female,22.44.206.223
553,Carrol,Mangeney,cmangeneyfc@multiply.com,Male,207.147.243.78
554,Christie,Bench,cbenchfd@narod.ru,Female,171.144.225.22
555,Morgun,Lauritsen,mlauritsenfe@eventbrite.com,Male,153.158.173.229
556,Karly,Silman,ksilmanff@photobucket.com,Female,128.86.130.21
557,Hoebart,Kasperski,hkasperskifg@dot.gov,Male,213.56.5.6
558,Quincy,Livesey,qliveseyfh@cnet.com,Male,59.147.69.38
559,Sinclare,Koubu,skoubufi@nyu.edu,Male,22.186.69.196
560,Gene,Antonelli,gantonellifj@comcast.net,Female,154.239.240.84
561,Tootsie,Snailham,tsnailhamfk@businessweek.com,Female,73.64.178.68
562,Julee,Melsome,jmelsomefl@comcast.net,Female,76.218.30.35
563,Gwendolen,Pleace,gpleacefm@hao123.com,Female,30.35.136.14
564,Emlyn,Lackemann,elackemannfn@4shared.com,Female,70.55.116.67
565,Mikel,Heinemann,mheinemannfo@google.com.au,Male,10.157.4.163
566,Townsend,Drivers,tdriversfp@loc.gov,Male,117.67.253.157
567,Mohammed,Dawkes,mdawkesfq@prnewswire.com,Male,53.34.157.75
568,Kaycee,Ianitti,kianittifr@ovh.net,Female,107.21.152.91
569,Natty,Breese,nbreesefs@hhs.gov,Female,19.38.186.247
570,Gerti,Benzies,gbenziesft@moonfruit.com,Female,235.216.178.234
571,Nadya,Fulger,nfulgerfu@prnewswire.com,Female,186.34.36.254
572,Earl,Wesgate,ewesgatefv@123-reg.co.uk,Male,70.187.217.102
573,Damara,Flowers,dflowersfw@wp.com,Female,136.29.50.119
574,Lilias,Chettoe,lchettoefx@hibu.com,Female,27.232.32.60
575,Carmel,McCann,cmccannfy@businesswire.com,Female,232.93.45.19
576,Jolie,De Bruyne,jdebruynefz@bizjournals.com,Female,206.69.230.173
577,Bobbie,Pennicott,bpennicottg0@ox.ac.uk,Male,69.209.181.250
578,Liza,Deshorts,ldeshortsg1@who.int,Female,63.165.217.211
579,Denny,Cyson,dcysong2@domainmarket.com,Female,43.167.43.162
580,See,Le Marchand,slemarchandg3@cbsnews.com,Male,127.60.176.70
581,Coletta,Palphreyman,cpalphreymang4@tiny.cc,Female,117.204.119.25
582,Carma,Largen,clargeng5@list-manage.com,Genderqueer,81.35.214.88
583,Roi,Safell,rsafellg6@edublogs.org,Male,175.217.143.113
584,Grant,Karel,gkarelg7@friendfeed.com,Male,223.96.170.67
585,Phip,Walne,pwalneg8@themeforest.net,Male,199.245.166.157
586,Andrew,Hofner,ahofnerg9@census.gov,Male,181.133.7.241
587,Stillmann,Pipping,spippingga@ovh.net,Male,114.27.185.204
588,Jillie,Fasler,jfaslergb@state.gov,Female,204.38.6.135
589,Chester,Theakston,ctheakstongc@hibu.com,Male,220.232.171.151
590,Perry,Caudwell,pcaudwellgd@chronoengine.com,Male,199.23.175.70
591,Lib,Edinboro,ledinboroge@discuz.net,Female,70.100.134.248
592,Taryn,Freeborn,tfreeborngf@buzzfeed.com,Female,170.157.168.74
593,Kermy,Tebbett,ktebbettgg@list-manage.com,Male,31.252.232.187
594,Britni,Woollam,bwoollamgh@about.com,Female,54.190.129.43
595,Roberto,Synder,rsyndergi@economist.com,Male,16.108.66.227
596,Ryan,Rutgers,rrutgersgj@census.gov,Agender,129.242.187.199
597,Pegeen,Copsey,pcopseygk@jugem.jp,Polygender,242.173.14.89
598,Alaric,Brewitt,abrewittgl@arstechnica.com,Male,72.126.15.195
599,Dietrich,Whitman,dwhitmangm@vk.com,Male,33.59.232.73
600,Eolande,Sketchley,esketchleygn@fema.gov,Female,48.235.105.52
601,Clerissa,Trinke,ctrinkego@facebook.com,Female,176.234.151.35
602,Magdalen,Thys,mthysgp@geocities.com,Female,141.99.149.29
603,Stace,Sellstrom,ssellstromgq@reddit.com,Female,45.169.59.214
604,Evelyn,Rough,eroughgr@google.com.au,Female,101.129.9.20
605,Burlie,Hillborne,bhillbornegs@ted.com,Male,20.0.25.146
606,Ari,Mateev,amateevgt@symantec.com,Male,60.107.10.189
607,Adda,McCorrie,amccorriegu@china.com.cn,Female,129.7.60.171
608,Kendricks,Goncaves,kgoncavesgv@hostgator.com,Male,150.77.227.125
609,Aaren,Spilsburie,aspilsburiegw@instagram.com,Female,74.199.71.192
610,Sunshine,Dudny,sdudnygx@apple.com,Female,221.232.145.9
611,Dory,Wybron,dwybrongy@washingtonpost.com,Male,255.204.137.150
612,Arin,Giovanitti,agiovanittigz@nba.com,Male,199.206.254.166
613,Alvan,Whaley,awhaleyh0@buzzfeed.com,Male,27.35.25.128
614,Dniren,Klaus,dklaush1@bigcartel.com,Female,111.223.109.253
615,Genny,Simonini,gsimoninih2@etsy.com,Female,86.71.37.49
616,Anna-maria,Jestico,ajesticoh3@thetimes.co.uk,Female,154.54.224.128
617,Eleanora,Stockall,estockallh4@kickstarter.com,Female,184.177.220.107
618,Teresina,Larvor,tlarvorh5@ibm.com,Polygender,105.199.147.15
619,Cart,Povah,cpovahh6@eventbrite.com,Male,7.157.126.5
620,Catherine,Oseland,coselandh7@deviantart.com,Female,226.195.123.250
621,Kanya,Mapes,kmapesh8@harvard.edu,Female,191.179.6.218
622,Levey,Grzeszczyk,lgrzeszczykh9@de.vu,Male,228.5.242.31
623,Willow,Stickells,wstickellsha@t-online.de,Female,151.248.144.207
624,Stephani,Brooksbie,sbrooksbiehb@jigsy.com,Female,105.109.7.16
625,Chad,Taverner,ctavernerhc@wix.com,Female,254.18.42.104
626,Daloris,Jeffry,djeffryhd@hud.gov,Female,250.99.174.86
627,Idell,Dallosso,idallossohe@cpanel.net,Female,167.97.25.56
628,Tad,Zimmermeister,tzimmermeisterhf@wix.com,Male,69.203.199.202
629,Gweneth,Densell,gdensellhg@google.com.br,Female,43.246.131.151
630,Silvano,Duchateau,sduchateauhh@printfriendly.com,Male,155.87.50.166
631,Drew,Haycroft,dhaycrofthi@friendfeed.com,Male,49.116.141.162
632,Cassi,Northgraves,cnorthgraveshj@baidu.com,Bigender,139.241.132.211
633,Zoe,Cokly,zcoklyhk@seesaa.net,Female,184.158.221.220
634,Ursulina,Sayer,usayerhl@princeton.edu,Female,171.137.44.13
635,Marcile,Guilford,mguilfordhm@icio.us,Female,211.154.207.77
636,Tiff,Riddeough,triddeoughhn@hostgator.com,Female,11.205.9.199
637,Ignazio,Filtness,ifiltnessho@vistaprint.com,Male,59.210.178.92
638,Rahal,Cauley,rcauleyhp@fastcompany.com,Female,93.190.164.209
639,Emmit,Gianni,egiannihq@bravesites.com,Male,53.169.206.221
640,Cicily,Raff,craffhr@vistaprint.com,Female,86.26.69.127
641,Jocelin,Gude,jgudehs@oaic.gov.au,Female,13.8.24.28
642,Sebastiano,Guerreiro,sguerreiroht@zdnet.com,Male,205.133.144.15
643,Delinda,Meadley,dmeadleyhu@bigcartel.com,Female,235.106.224.48
644,Birgit,Criple,bcriplehv@behance.net,Polygender,40.63.184.185
645,Lynnett,Vallintine,lvallintinehw@pcworld.com,Female,1.141.184.181
646,Bibi,McShirie,bmcshiriehx@prlog.org,Female,109.185.209.186
647,Benji,Salzburger,bsalzburgerhy@wufoo.com,Male,64.126.85.94
648,Reginauld,Spraberry,rspraberryhz@columbia.edu,Male,118.58.28.6
649,Leslie,Samudio,lsamudioi0@dailymail.co.uk,Female,45.13.17.124
650,Dael,Fincher,dfincheri1@wix.com,Male,13.147.114.102
651,Ann-marie,Kemwall,akemwalli2@twitpic.com,Female,68.242.49.108
652,Archaimbaud,MacConnulty,amacconnultyi3@eventbrite.com,Male,147.213.34.22
653,Wendall,Jaquest,wjaquesti4@earthlink.net,Male,207.17.165.90
654,Odo,Colerick,ocolericki5@wiley.com,Male,152.58.161.47
655,Link,Leacy,lleacyi6@dell.com,Male,57.78.241.198
656,Sabina,Perez,sperezi7@miitbeian.gov.cn,Agender,121.111.215.178
657,Melloney,Edridge,medridgei8@wordpress.org,Non-binary,244.145.61.15
658,Barbette,Fri,bfrii9@washingtonpost.com,Female,170.170.177.148
659,Gloriana,Sturley,gsturleyia@mozilla.org,Bigender,27.244.204.112
660,Bondie,De Freyne,bdefreyneib@yale.edu,Male,22.247.103.53
661,Neile,Bush,nbushic@earthlink.net,Female,183.250.6.45
662,Cam,Champness,cchampnessid@bloglovin.com,Male,170.198.0.114
663,Wilmar,McCrainor,wmccrainorie@csmonitor.com,Genderfluid,216.255.184.172
664,Alric,Novello,anovelloif@go.com,Male,104.147.70.214
665,Windy,Rowlands,wrowlandsig@dion.ne.jp,Female,201.85.49.216
666,Nicki,Billington,nbillingtonih@163.com,Female,198.72.31.28
667,Angus,Such,asuchii@mayoclinic.com,Male,47.223.247.88
668,Bettye,Woodhead,bwoodheadij@ustream.tv,Female,184.76.106.7
669,Leslie,Mulberry,lmulberryik@un.org,Male,33.179.124.252
670,Larry,Dixcee,ldixceeil@github.com,Male,178.25.20.200
671,Silvan,Kitteringham,skitteringhamim@uiuc.edu,Male,214.237.223.58
672,Matthew,Busek,mbusekin@bing.com,Male,106.165.231.7
673,Sidney,McHaffy,smchaffyio@mit.edu,Male,112.6.16.97
674,Alyosha,Greenhaugh,agreenhaughip@ted.com,Male,253.97.117.219
675,Jodie,Mintoff,jmintoffiq@1und1.de,Male,208.227.33.26
676,Gannon,Melarkey,gmelarkeyir@epa.gov,Male,153.87.14.205
677,Trish,Bamborough,tbamboroughis@amazon.com,Female,99.221.64.181
678,Gaspar,Vsanelli,gvsanelliit@mashable.com,Male,190.85.125.11
679,Morley,Redgate,mredgateiu@infoseek.co.jp,Agender,250.64.2.196
680,Waldemar,Orsman,worsmaniv@creativecommons.org,Male,224.234.81.74
681,Danit,Jasiak,djasiakiw@ustream.tv,Female,87.27.9.157
682,Sascha,Meni,smeniix@mlb.com,Female,185.163.148.247
683,Vita,Emma,vemmaiy@exblog.jp,Female,255.112.25.29
684,Gertrudis,Kertess,gkertessiz@1und1.de,Female,218.88.142.239
685,Idell,Biddulph,ibiddulphj0@theglobeandmail.com,Female,110.191.25.147
686,Loretta,Litchfield,llitchfieldj1@dell.com,Female,17.180.64.211
687,Riane,Tinman,rtinmanj2@amazon.co.jp,Bigender,143.178.50.113
688,Darla,Erett,derettj3@forbes.com,Female,121.199.203.97
689,Asher,Scoon,ascoonj4@sbwire.com,Male,89.13.18.140
690,Byron,Shoebottom,bshoebottomj5@so-net.ne.jp,Genderfluid,234.168.180.128
691,Dacy,Dalziel,ddalzielj6@deliciousdays.com,Female,49.234.127.135
692,Fanechka,Snawden,fsnawdenj7@mac.com,Female,67.104.186.194
693,Reeva,Forten,rfortenj8@t-online.de,Female,164.243.200.35
694,Sorcha,McCalister,smccalisterj9@cnn.com,Female,175.235.209.20
695,Averill,Kime,akimeja@trellian.com,Male,240.127.217.134
696,Jillie,Perutto,jperuttojb@smugmug.com,Female,122.105.98.142
697,Jamill,Meaders,jmeadersjc@umich.edu,Male,4.130.150.142
698,Bone,Frarey,bfrareyjd@list-manage.com,Male,32.228.195.112
699,Armand,Neve,aneveje@china.com.cn,Male,145.170.241.104
700,Gypsy,Naerup,gnaerupjf@sfgate.com,Female,248.135.164.26
701,Hansiain,Risen,hrisenjg@nps.gov,Male,201.104.37.135
702,Lynn,Quaif,lquaifjh@youtube.com,Genderfluid,159.71.19.5
703,Aviva,Gauvain,agauvainji@alibaba.com,Female,186.133.39.128
704,Jamie,Paffley,jpaffleyjj@dyndns.org,Male,206.133.58.166
705,Morganica,Shaul,mshauljk@spotify.com,Female,5.15.150.30
706,Jackie,Binning,jbinningjl@oakley.com,Male,157.25.63.1
707,Mickie,De Vries,mdevriesjm@nifty.com,Female,176.12.74.182
708,Northrup,Eastcourt,neastcourtjn@sun.com,Male,78.57.0.165
709,Alana,Endrici,aendricijo@yellowbook.com,Female,180.120.184.183
710,Dena,Rouge,drougejp@smh.com.au,Female,230.37.144.68
711,Jen,Kindley,jkindleyjq@newsvine.com,Female,37.185.68.170
712,Gaspar,Torricella,gtorricellajr@independent.co.uk,Male,114.112.188.39
713,Aeriel,Zanni,azannijs@mayoclinic.com,Female,104.157.98.208
714,Lewie,Kindall,lkindalljt@booking.com,Male,246.80.53.71
715,Gertie,Brownscombe,gbrownscombeju@netscape.com,Female,193.223.24.77
716,Avery,Biddulph,abiddulphjv@telegraph.co.uk,Male,173.60.25.246
717,Elenore,Vischi,evischijw@zimbio.com,Female,154.234.180.81
718,Doroteya,Garces,dgarcesjx@cbsnews.com,Bigender,79.121.63.128
719,Dougy,Cadalleder,dcadallederjy@chicagotribune.com,Male,118.184.251.153
720,Herminia,Croson,hcrosonjz@skype.com,Female,44.221.245.209
721,Eadith,Wordesworth,ewordesworthk0@chron.com,Female,37.63.185.247
722,Pansy,Wilkennson,pwilkennsonk1@sciencedaily.com,Female,36.109.128.30
723,Brigham,Twydell,btwydellk2@ihg.com,Male,24.254.212.165
724,Auguste,Smalls,asmallsk3@go.com,Female,225.8.255.114
725,Jania,Scarasbrick,jscarasbrickk4@google.com.br,Female,224.19.120.185
726,Philippine,Moncarr,pmoncarrk5@example.com,Female,255.82.202.204
727,Ban,Furneaux,bfurneauxk6@tamu.edu,Male,95.101.26.187
728,Opal,Gilbank,ogilbankk7@wired.com,Female,125.140.158.84
729,Cordi,Thirtle,cthirtlek8@amazonaws.com,Female,147.56.20.218
730,Boony,Sweetlove,bsweetlovek9@shinystat.com,Non-binary,119.199.205.138
731,Cate,Ondrousek,condrousekka@tinyurl.com,Female,134.211.185.221
732,Aguste,Bondar,abondarkb@netlog.com,Male,18.152.155.194
733,Kary,Raff,kraffkc@clickbank.net,Female,214.9.1.254
734,Kelley,Ord,kordkd@ocn.ne.jp,Female,53.212.22.176
735,Yuma,Ciubutaro,yciubutaroke@uiuc.edu,Male,225.189.172.128
736,Kristina,Meffin,kmeffinkf@latimes.com,Female,130.2.4.153
737,Skipper,Rickhuss,srickhusskg@google.ca,Male,148.166.169.60
738,Borden,Borless,bborlesskh@pen.io,Male,13.247.114.146
739,Barbette,Cleugher,bcleugherki@drupal.org,Genderqueer,165.140.214.44
740,Cicely,Wayman,cwaymankj@usda.gov,Female,201.233.250.134
741,Tobit,Kirke,tkirkekk@booking.com,Male,123.47.91.243
742,Torrin,Mussolini,tmussolinikl@china.com.cn,Non-binary,189.121.19.76
743,Ole,Coch,ocochkm@smugmug.com,Male,60.155.127.247
744,Sergio,Petican,speticankn@microsoft.com,Male,180.5.135.12
745,Cinnamon,Polak,cpolakko@fema.gov,Female,159.89.114.2
746,Nadia,De Mitri,ndemitrikp@opensource.org,Female,1.16.152.72
747,Rhea,Desouza,rdesouzakq@nature.com,Female,225.140.222.0
748,Danie,Causby,dcausbykr@msn.com,Male,46.237.172.239
749,Morgan,McConigal,mmcconigalks@hp.com,Female,195.170.120.162
750,Hiram,Songest,hsongestkt@gizmodo.com,Male,44.232.156.59
751,Rachele,Redmell,rredmellku@phoca.cz,Female,88.122.34.60
752,Augie,Marrable,amarrablekv@altervista.org,Male,105.76.179.220
753,Claus,Jeaycock,cjeaycockkw@ask.com,Genderqueer,26.147.30.105
754,Georgena,Troker,gtrokerkx@amazon.co.uk,Genderqueer,59.12.192.139
755,Hermon,Dogg,hdoggky@cbslocal.com,Male,189.196.216.250
756,Leo,Syme,lsymekz@nytimes.com,Male,233.249.29.199
757,Rana,Teasdale,rteasdalel0@admin.ch,Female,46.225.252.196
758,Iseabal,Potte,ipottel1@hugedomains.com,Female,80.134.106.149
759,Nickola,Filippov,nfilippovl2@redcross.org,Male,109.97.147.179
760,Winni,Pywell,wpywelll3@ovh.net,Female,210.96.55.153
761,Jacquetta,Elsby,jelsbyl4@feedburner.com,Female,180.97.89.213
762,Anton,Pollok,apollokl5@elpais.com,Genderfluid,222.227.46.228
763,Katuscha,Dymock,kdymockl6@npr.org,Female,185.125.153.229
764,Angy,Snowding,asnowdingl7@yellowpages.com,Female,221.78.143.224
765,Alasdair,Colloby,acollobyl8@google.com,Male,153.251.54.145
766,Clay,Pepper,cpepperl9@house.gov,Male,22.130.196.13
767,Ethelred,Devigne,edevignela@mapy.cz,Male,183.129.247.122
768,Carlotta,Niesel,cniesellb@google.com,Female,138.106.178.207
769,Frants,Christene,fchristenelc@fda.gov,Male,37.150.116.23
770,Reagen,Osbidston,rosbidstonld@goo.ne.jp,Male,155.213.25.131
771,Yardley,Olivier,yolivierle@webnode.com,Male,205.205.5.137
772,Micki,Ovendale,movendalelf@bluehost.com,Female,128.185.166.211
773,Tyrone,Rois,troislg@google.fr,Male,217.254.178.104
774,Faye,Sankey,fsankeylh@samsung.com,Female,169.41.11.254
775,Ellwood,Spohrmann,espohrmannli@behance.net,Male,164.247.35.137
776,Guntar,Sames,gsameslj@jimdo.com,Male,143.51.190.202
777,Bearnard,Borer,bborerlk@fema.gov,Male,38.29.174.155
778,Lois,Betje,lbetjell@dell.com,Female,71.62.128.79
779,Miran,Cordova,mcordovalm@ebay.co.uk,Female,148.106.67.121
780,Lanna,Antonio,lantonioln@simplemachines.org,Female,192.137.241.231
781,Cyrille,Sparrow,csparrowlo@tripadvisor.com,Male,211.65.219.250
782,Gauthier,Arndtsen,garndtsenlp@craigslist.org,Male,142.252.22.163
783,Corena,Meany,cmeanylq@whitehouse.gov,Female,42.40.34.116
784,Vallie,Groucutt,vgroucuttlr@sohu.com,Female,61.37.229.150
785,Dione,Clixby,dclixbyls@scientificamerican.com,Female,233.172.65.46
786,Cosmo,Weber,cweberlt@yahoo.co.jp,Male,133.30.193.204
787,Idalina,Wiburn,iwiburnlu@fda.gov,Female,46.217.28.12
788,Perle,Tender,ptenderlv@123-reg.co.uk,Female,6.143.190.107
789,Nikos,Calfe,ncalfelw@mapquest.com,Male,105.228.116.249
790,Roselia,Morsley,rmorsleylx@alibaba.com,Female,221.219.219.239
791,Minnaminnie,Iacobini,miacobinily@hibu.com,Female,120.203.254.220
792,Bobbette,Standbridge,bstandbridgelz@ycombinator.com,Female,22.54.127.77
793,Kira,Pudsey,kpudseym0@seattletimes.com,Female,147.104.187.220
794,Alejoa,Jennions,ajennionsm1@sakura.ne.jp,Male,12.128.157.115
795,Meriel,Linzee,mlinzeem2@mozilla.org,Non-binary,184.239.49.80
796,Cicely,Mainson,cmainsonm3@walmart.com,Female,88.60.99.28
797,Bevin,Vaudin,bvaudinm4@unblog.fr,Male,255.82.246.123
798,Leona,Colecrough,lcolecroughm5@myspace.com,Female,234.111.15.177
799,Fredrika,Balas,fbalasm6@free.fr,Female,255.47.99.129
800,Jeri,Marsay,jmarsaym7@seesaa.net,Female,225.166.209.9
801,Tedmund,Wallwood,twallwoodm8@unc.edu,Male,253.206.32.67
802,Lyn,Greve,lgrevem9@google.de,Male,46.100.6.250
803,Janot,Ferrarese,jferraresema@marriott.com,Female,44.95.217.121
804,Cinderella,Shetliff,cshetliffmb@loc.gov,Female,242.143.150.133
805,Nero,Fenn,nfennmc@msn.com,Male,250.117.118.112
806,Gerrie,Duffyn,gduffynmd@comsenz.com,Female,130.238.0.172
807,Bordy,Duester,bduesterme@auda.org.au,Male,229.43.73.156
808,Nate,Critcher,ncritchermf@sitemeter.com,Male,120.143.235.247
809,Jehu,Gillingwater,jgillingwatermg@weibo.com,Male,173.211.145.143
810,Nathanial,Spare,nsparemh@netscape.com,Male,150.141.246.68
811,Annalise,Bygreaves,abygreavesmi@ifeng.com,Female,39.244.3.162
812,Elmo,Boshere,ebosheremj@skype.com,Male,240.38.137.38
813,Issi,Heigold,iheigoldmk@sciencedaily.com,Polygender,249.5.83.227
814,Guillaume,Dionisio,gdionisioml@google.com,Male,121.244.126.161
815,Catlin,Walkden,cwalkdenmm@google.de,Female,253.35.111.79
816,Josiah,Gounin,jgouninmn@timesonline.co.uk,Male,26.58.115.224
817,Hester,Prozescky,hprozesckymo@nifty.com,Polygender,76.63.70.111
818,Titos,Ledwith,tledwithmp@posterous.com,Male,123.48.221.104
819,Gerrilee,Kaaskooper,gkaaskoopermq@yahoo.com,Female,1.238.134.207
820,Donaugh,Seeman,dseemanmr@buzzfeed.com,Male,137.155.161.195
821,Coreen,Ungerecht,cungerechtms@nps.gov,Female,88.238.153.199
822,Kinsley,Cowndley,kcowndleymt@vistaprint.com,Male,236.78.50.109
823,Nicol,Segoe,nsegoemu@redcross.org,Female,134.86.255.239
824,Rhett,Flecknoe,rflecknoemv@newyorker.com,Male,125.177.79.71
825,Carson,Rowlatt,crowlattmw@pbs.org,Male,45.75.246.173
826,Gordie,Kedge,gkedgemx@opera.com,Male,77.110.213.9
827,Melvyn,Klosterman,mklostermanmy@sbwire.com,Male,132.24.251.101
828,Alexi,Powton,apowtonmz@deviantart.com,Genderfluid,15.3.160.42
829,Latisha,Jephcott,ljephcottn0@yelp.com,Female,177.215.16.47
830,Kristyn,Parlor,kparlorn1@mysql.com,Female,97.213.226.22
831,Dara,Antecki,danteckin2@adobe.com,Female,53.18.166.244
832,Budd,Fauning,bfauningn3@clickbank.net,Male,249.243.27.144
833,Pat,Tother,ptothern4@facebook.com,Female,152.169.119.1
834,Dermot,Orrobin,dorrobinn5@xrea.com,Male,25.21.31.199
835,Christoffer,Sybe,csyben6@accuweather.com,Male,194.168.39.98
836,Drud,Cossins,dcossinsn7@dagondesign.com,Male,174.172.253.235
837,Bran,Dougill,bdougilln8@php.net,Male,126.56.36.58
838,Florri,Slamaker,fslamakern9@imgur.com,Female,202.3.104.171
839,Lorant,Midlar,lmidlarna@nasa.gov,Genderqueer,132.58.185.222
840,Hardy,Cranidge,hcranidgenb@github.io,Male,70.77.54.183
841,Rhianna,Lyosik,rlyosiknc@army.mil,Female,53.255.26.134
842,Nollie,Hanretty,nhanrettynd@hao123.com,Male,242.8.83.65
843,Isaiah,Hebborn,ihebbornne@yolasite.com,Male,180.120.107.106
844,Hillary,Goady,hgoadynf@bloomberg.com,Genderfluid,37.154.179.126
845,Portia,Zupa,pzupang@buzzfeed.com,Female,64.112.182.212
846,Alvy,Gambrell,agambrellnh@example.com,Male,214.134.111.238
847,Evita,Stitfall,estitfallni@1und1.de,Female,130.72.82.228
848,Rog,Spear,rspearnj@state.gov,Male,3.143.248.2
849,Gretta,D'Errico,gderriconk@indiegogo.com,Female,13.115.69.116
850,Jamison,Dabbs,jdabbsnl@cdbaby.com,Male,72.180.7.233
851,Amos,Fidoe,afidoenm@exblog.jp,Male,67.233.68.209
852,Lavena,Surridge,lsurridgenn@oaic.gov.au,Female,242.94.116.169
853,Marian,Marritt,mmarrittno@webmd.com,Female,226.23.130.248
854,Colby,Windrus,cwindrusnp@diigo.com,Male,160.32.125.85
855,Fields,Depka,fdepkanq@dmoz.org,Male,163.189.15.63
856,Cherry,Brooksby,cbrooksbynr@list-manage.com,Female,220.12.255.187
857,Saidee,Corns,scornsns@walmart.com,Polygender,55.181.216.41
858,Tab,Goudard,tgoudardnt@economist.com,Male,68.30.69.255
859,Nicki,Devanney,ndevanneynu@blinklist.com,Bigender,97.41.80.152
860,Cazzie,Harhoff,charhoffnv@vimeo.com,Male,136.101.225.194
861,Bo,Paradis,bparadisnw@studiopress.com,Male,130.64.195.221
862,Jenna,Hemmingway,jhemmingwaynx@tmall.com,Female,97.41.173.60
863,Glenine,McKim,gmckimny@foxnews.com,Female,190.135.130.141
864,Gilbertina,Mariaud,gmariaudnz@upenn.edu,Female,30.148.153.189
865,Torr,Gray,tgrayo0@geocities.jp,Genderqueer,193.155.228.15
866,Wallie,Seman,wsemano1@oaic.gov.au,Male,240.250.209.62
867,Butch,Hussy,bhussyo2@tuttocitta.it,Agender,205.99.214.122
868,Meade,Algore,malgoreo3@oracle.com,Male,134.48.90.125
869,Chance,Labet,clabeto4@csmonitor.com,Male,217.218.113.130
870,Tory,Eyes,teyeso5@boston.com,Genderqueer,131.188.117.186
871,Mallissa,Dibben,mdibbeno6@archive.org,Female,208.175.127.71
872,Aron,Manshaw,amanshawo7@list-manage.com,Male,159.240.229.255
873,Dagny,Pessold,dpessoldo8@desdev.cn,Male,192.64.205.60
874,Bald,Polin,bpolino9@hao123.com,Male,145.246.79.155
875,Vonnie,Asprey,vaspreyoa@nationalgeographic.com,Female,108.79.108.152
876,Dido,Grewes,dgrewesob@edublogs.org,Female,50.203.225.159
877,Miltie,Wilcocks,mwilcocksoc@nsw.gov.au,Male,61.10.68.9
878,Diena,Losty,dlostyod@free.fr,Female,176.86.62.155
879,Armand,Hexham,ahexhamoe@sbwire.com,Male,65.8.37.216
880,Krissie,Keeble,kkeebleof@nba.com,Female,109.169.132.76
881,Dory,Rudkin,drudkinog@cdbaby.com,Male,152.151.23.65
882,Eugen,Ternouth,eternouthoh@elegantthemes.com,Male,170.52.185.231
883,Catharina,Anthes,canthesoi@meetup.com,Female,217.38.86.64
884,Hersch,Quinnelly,hquinnellyoj@hhs.gov,Male,153.5.44.226
885,Ertha,Rodear,erodearok@rakuten.co.jp,Female,216.122.167.133
886,Joby,Lebang,jlebangol@imageshack.us,Female,158.92.45.106
887,Selie,Perigoe,sperigoeom@sciencedaily.com,Female,176.97.110.74
888,Selle,MacCostye,smaccostyeon@ow.ly,Female,195.93.19.177
889,Ferd,Freeborne,ffreeborneoo@bloomberg.com,Male,30.154.244.231
890,Timmi,Waldocke,twaldockeop@dailymotion.com,Female,56.77.21.228
891,Nero,Lerway,nlerwayoq@huffingtonpost.com,Male,190.125.70.128
892,Rebekkah,Dyka,rdykaor@amazonaws.com,Female,223.228.119.113
893,Sacha,Castells,scastellsos@prweb.com,Female,70.65.72.28
894,Brocky,Mettrick,bmettrickot@joomla.org,Male,210.174.2.243
895,Vasilis,Toms,vtomsou@xing.com,Male,88.40.231.215
896,Gene,Wathall,gwathallov@rediff.com,Male,217.0.226.18
897,Filippa,Junkison,fjunkisonow@nhs.uk,Female,200.140.205.110
898,Cristobal,Bissex,cbissexox@friendfeed.com,Male,101.69.104.42
899,Larissa,Isselee,lisseleeoy@furl.net,Female,41.229.93.133
900,Christopher,Bristowe,cbristoweoz@hc360.com,Male,142.199.74.91
901,Rodger,Digman,rdigmanp0@scribd.com,Male,90.123.191.42
902,Zacharia,Dermott,zdermottp1@nifty.com,Male,245.74.239.82
903,Saw,Malia,smaliap2@myspace.com,Male,106.36.169.34
904,Ellsworth,Haspineall,ehaspineallp3@mail.ru,Male,188.33.128.224
905,Annamaria,Strivens,astrivensp4@t.co,Female,221.169.96.221
906,Kelly,Olliver,kolliverp5@weibo.com,Male,47.143.90.190
907,Luciana,Quilligan,lquilliganp6@bing.com,Female,60.63.70.158
908,Josephine,Wych,jwychp7@soup.io,Female,47.6.160.135
909,Olivero,Bailess,obailessp8@ucoz.com,Male,145.79.197.109
910,Laurence,Hamelyn,lhamelynp9@yellowpages.com,Male,230.39.122.35
911,Zilvia,Seagood,zseagoodpa@amazonaws.com,Female,156.138.166.1
912,Amalita,Colley,acolleypb@csmonitor.com,Female,213.188.200.16
913,Ola,Stubley,ostubleypc@wp.com,Female,96.43.128.36
914,Tuesday,Rosling,troslingpd@yahoo.com,Female,101.4.211.3
915,Rosana,Girke,rgirkepe@dot.gov,Female,75.212.95.33
916,Vi,Lanktree,vlanktreepf@fc2.com,Female,45.23.211.159
917,Christa,Denisot,cdenisotpg@uiuc.edu,Female,140.126.119.215
918,Barnard,Yurchishin,byurchishinph@dmoz.org,Male,1.97.164.7
919,Waiter,Heighway,wheighwaypi@bluehost.com,Male,46.115.6.249
920,Guilbert,Eadmeades,geadmeadespj@guardian.co.uk,Agender,124.140.115.143
921,Granny,Dearsley,gdearsleypk@boston.com,Male,180.234.197.192
922,Lou,Tolomelli,ltolomellipl@over-blog.com,Male,122.21.24.220
923,Giacomo,Wilshaw,gwilshawpm@cafepress.com,Male,31.15.147.58
924,Andrej,Foat,afoatpn@trellian.com,Male,111.3.91.11
925,Allyce,Greengrass,agreengrasspo@virginia.edu,Female,156.145.212.189
926,Friedrich,Prop,fproppp@github.com,Polygender,192.211.169.2
927,Ken,O'Doogan,kodooganpq@simplemachines.org,Male,41.76.55.87
928,Eunice,McElree,emcelreepr@amazon.co.jp,Female,182.115.231.179
929,Zandra,Sizey,zsizeyps@google.cn,Female,58.253.65.52
930,Alister,Woolvett,awoolvettpt@springer.com,Male,119.249.146.130
931,Cybil,Adlam,cadlampu@theguardian.com,Female,141.143.18.36
932,Humbert,Elgram,helgrampv@constantcontact.com,Male,178.64.32.198
933,Raye,Cancutt,rcancuttpw@hhs.gov,Female,250.50.59.253
934,Marielle,Mellsop,mmellsoppx@seesaa.net,Female,55.91.254.99
935,Miof mela,Itskovitz,mitskovitzpy@barnesandnoble.com,Female,2.165.183.1
936,Tanya,Garling,tgarlingpz@naver.com,Female,9.43.210.239
937,Adrianna,Dillinger,adillingerq0@java.com,Female,49.199.4.225
938,Welsh,Antoniottii,wantoniottiiq1@sina.com.cn,Male,95.35.83.130
939,Bethany,Tidbold,btidboldq2@rakuten.co.jp,Female,182.127.184.145
940,Fraser,Chisnell,fchisnellq3@dmoz.org,Male,141.139.47.30
941,Cletus,Willoughway,cwilloughwayq4@google.cn,Male,178.122.140.41
942,Dayna,Villa,dvillaq5@meetup.com,Female,202.248.65.87
943,Kristi,Lecky,kleckyq6@livejournal.com,Female,59.127.169.243
944,Constantine,Reck,creckq7@google.nl,Male,75.43.251.90
945,Clary,Whaites,cwhaitesq8@newsvine.com,Female,116.114.164.173
946,Murry,Stockey,mstockeyq9@mozilla.org,Male,209.64.191.135
947,Sherilyn,Sumnall,ssumnallqa@istockphoto.com,Female,230.242.80.147
948,Vivia,Scarlin,vscarlinqb@furl.net,Female,46.119.19.61
949,Audrey,Rain,arainqc@icq.com,Agender,175.239.175.249
950,Nathan,Ebenezer,nebenezerqd@japanpost.jp,Male,214.104.18.53
951,Dylan,Pace,dpaceqe@soundcloud.com,Male,65.203.199.179
952,Tabby,Lambin,tlambinqf@alibaba.com,Male,255.15.44.251
953,Karyl,Weblin,kweblinqg@spiegel.de,Female,40.76.196.254
954,Izabel,Daltrey,idaltreyqh@4shared.com,Female,31.15.83.196
955,Georgie,Graser,ggraserqi@networksolutions.com,Male,10.125.98.19
956,Burke,Eckly,becklyqj@w3.org,Male,4.218.189.37
957,Laney,Brittlebank,lbrittlebankqk@nymag.com,Female,126.140.19.99
958,Sal,Davidowsky,sdavidowskyql@whitehouse.gov,Agender,39.50.41.103
959,Marcille,Corn,mcornqm@google.com.au,Agender,136.1.126.41
960,Viola,Sate,vsateqn@unblog.fr,Female,5.220.81.8
961,Stevena,Mockford,smockfordqo@reverbnation.com,Female,207.221.26.251
962,Guy,Leaming,gleamingqp@phoca.cz,Male,201.135.125.54
963,Kathrine,Schwerin,kschwerinqq@tamu.edu,Female,212.41.54.170
964,Kirk,Seiler,kseilerqr@sina.com.cn,Male,228.136.218.49
965,Ariella,Kinnerley,akinnerleyqs@bandcamp.com,Female,147.208.161.145
966,Thaddus,Shorton,tshortonqt@soup.io,Male,217.128.88.105
967,Patric,McChesney,pmcchesneyqu@istockphoto.com,Male,76.70.91.179
968,Leisha,Gullen,lgullenqv@ucla.edu,Female,94.16.234.9
969,Rozella,Henstone,rhenstoneqw@sohu.com,Non-binary,56.56.222.169
970,Sidonnie,Askam,saskamqx@soundcloud.com,Female,60.235.12.41
971,Baillie,Wardley,bwardleyqy@deviantart.com,Male,9.179.201.203
972,Way,Sieb,wsiebqz@parallels.com,Male,40.57.178.18
973,Haley,Wildbore,hwildborer0@constantcontact.com,Male,148.40.46.67
974,Randolf,Vuitte,rvuitter1@sbwire.com,Male,132.34.212.233
975,Nert,Krzyzowski,nkrzyzowskir2@posterous.com,Female,114.154.158.9
976,Eleonore,Stubbe,estubber3@upenn.edu,Female,185.246.157.63
977,Melantha,Mulcahy,mmulcahyr4@ning.com,Genderfluid,45.249.109.13
978,Olav,Dradey,odradeyr5@paypal.com,Male,169.99.155.226
979,Rodi,Soars,rsoarsr6@nasa.gov,Polygender,213.64.63.210
980,Idalina,Betterton,ibettertonr7@altervista.org,Female,30.129.63.128
981,Maddy,Mcmanaman,mmcmanamanr8@diigo.com,Male,255.204.223.160
982,Kaja,Rudland,krudlandr9@fotki.com,Bigender,211.235.49.10
983,Washington,Garrettson,wgarrettsonra@nature.com,Male,83.1.60.45
984,Shaine,Chamberlen,schamberlenrb@nydailynews.com,Male,138.247.222.26
985,Amos,Arden,aardenrc@bbb.org,Genderqueer,100.40.116.101
986,Lancelot,Jorez,ljorezrd@flavors.me,Male,188.197.140.15
987,Reinaldo,Mc Gorley,rmcgorleyre@photobucket.com,Male,106.47.4.117
988,Zebulon,Godbert,zgodbertrf@google.co.jp,Male,211.128.42.41
989,Onofredo,Clows,oclowsrg@china.com.cn,Male,231.58.169.113
990,Janis,Lawford,jlawfordrh@boston.com,Bigender,234.87.100.172
991,Marna,Goldsack,mgoldsackri@hc360.com,Polygender,180.162.241.56
992,Devlin,Mandrier,dmandrierrj@sbwire.com,Male,72.162.183.198
993,Ellery,Crawshaw,ecrawshawrk@wix.com,Male,217.101.175.125
994,Rakel,Roston,rrostonrl@theguardian.com,Female,130.69.71.118
995,Yuma,Board,yboardrm@merriam-webster.com,Male,213.74.240.131
996,Heinrik,Linck,hlinckrn@gmpg.org,Male,128.206.243.126
997,Latia,Lowrie,llowriero@imdb.com,Female,75.221.75.97
998,Edy,Malshinger,emalshingerrp@un.org,Female,145.133.117.245
999,Delia,Brandi,dbrandirq@hao123.com,Female,108.149.150.132
1000,Paul,Claye,pclayerr@technorati.com,Male,117.185.244.93
